StudentID,StudentName,DayOfBirth,Math,CS,Eng
SV0001,Tran Hieu,2005-10-26,9.5,6.5,9.5
SV0002,Pham Vy,2006-05-15,6.2,4.2,5.7
SV0003,Dang Thao,2006-04-16,4.4,0.0,0.8
SV0004,Hoang Trang,2003-07-20,4.5,8.1,6.9
SV0005,Phan Dung,2005-03-24,2.5,9.8,9.3
SV0006,Vu Quang,2005-11-17,6.4,7.2,0.9
SV0007,Bui Giang,2004-08-12,4.6,8.8,7.0
SV0008,Do Giang,2003-02-20,8.5,3.7,4.6
SV0009,Tran Khanh,2006-04-14,5.5,8.7,4.3
SV0010,Do Vy,2005-10-02,4.0,5.2,8.4
SV0011,Do Vy,2005-09-08,5.1,8.1,5.8
SV0012,Le Trang,2003-04-11,9.6,5.2,6.7
SV0013,Do Khanh,2005-08-20,1.4,8.8,8.5
SV0014,Tran Phong,2006-12-06,4.6,4.7,9.3
SV0015,Bui Giang,2006-02-20,-3.5,10.0,5.5
SV0016,Bui Quang,2005-09-07,8.0,4.0,2.0
SV0017,Hoang An,2003-03-09,1.5,8.8,9.6
SV0018,Bui Vy,2005-09-29,abc,2.0,6.9
SV0019,Dang Minh,2005-10-15,8.1,5.6,9.1
SV0020,Hoang Hieu,2005-07-26,9.2,1.0,6.9
SV0021,Bui Giang,2005-07-16,9.2,1.8,4.3
SV0022,Dang Binh,2006-08-21,2.7,5.0,1.0
SV0023,Vu Chi,2005-07-09,9.2,0.9,4.5
SV0024,Bui Vy,2003-06-20,6.1,2.0,1.2
SV0025,Nguyen Thao,2006-01-24,9.6,6.7,6.4
SV0026,Le An,2004-10-03,6.6,abc,9.3
SV0027,Dang Quang,2003-10-04,5.5,4.7,1.3
SV0028,Do Vy,2006-11-19,12.2,0.8,6.7
SV0029,Le Thao,2006-04-15,3.1,4.1,8.1
SV0030,Bui Thao,2004-02-07,3.8,9.6,3.9
SV0031,Tran An,2004-12-11,6.5,9.3,9.5
SV0032,Nguyen Minh,2005-09-01,3.3,3.0,3.3
SV0033,Tran Lan,2005-08-13,5.7,8.0,1.5
SV0034,Bui Dung,2005-06-07,6.2,4.6,2.3
SV0035,Tran Minh,2005-03-28,0.3,6.5,1.7
SV0036,Bui Vy,2003-04-09,4.5,7.5,1.9
SV0037,Nguyen Chi,2006-08-15,5.3,7.9,5.2
SV0038,Le Chi,2006-09-16,8.4,3.9,4.3
SV0039,Vu Trang,2003-06-11,3.8,1.9,1.7
SV0040,Dang Lan,2005-05-01,2.9,1.8,5.2
SV0041,Dang Binh,2005-12-15,8.0,8.0,8.2
SV0042,Pham Dung,2003-01-11,9.5,8.8,6.5
SV0043,Vu Minh,2006-10-04,1.8,0.3,8.5
SV0044,Phan Minh,2006-11-08,5.7,5.4,1.1
SV0045,Hoang Minh,2006-03-09,7.3,5.7,5.6
SV0046,Bui Chi,2003-07-27,-3.5,1.0,4.4
SV0047,Tran Phong,2003-05-04,7.6,7.2,1.9
SV0048,Tran Minh,2004-10-04,2.8,8.4,2.9
SV0049,Phan Chi,2004-06-18,2.6,0.1,8.7
SV0050,Hoang Khanh,2003-02-01,0.6,2.4,3.1
SV0051,Tran Phong,2006-02-23,5.8,9.4,3.5
SV0052,Dang Nhi,2006-07-05,6.5,6.2,9.2
SV0053,Phan Nhi,2004-03-17,5.9,4.3,6.8
SV0054,Tran Phong,2005-02-05,8.6,6.8,9.2
SV0055,Vu Giang,2004-12-30,0.6,7.2,8.8
SV0056,Hoang Quang,2004-11-07,2.9,9.6,8.0
SV0057,Tran Giang,2005-05-03,3.2,9.0,5.4
SV0058,Phan Dung,2006-02-22,0.6,10.0,1.6
SV0059,Tran Binh,2003-03-18,1.3,3.5,6.5
SV0060,Hoang An,2005-05-19,5.8,3.6,3.8
SV0061,Pham Thao,2005-05-12,6.6,7.7,1.8
SV0062,Nguyen Phong,2006-01-13,6.8,4.0,2.5
SV0063,Le Dung,2003-02-17,0.2,5.4,4.2
SV0064,Phan Chi,2006-07-07,5.9,8.4,5.5
SV0065,Bui Trang,2004-06-27,3.4,5.2,7.4
SV0066,Nguyen Phong,2003-01-24,6.3,2.4,0.6
SV0067,Pham Phong,2005-11-07,8.6,9.3,9.1
SV0068,Vu Quang,2005-01-07,9.5,2.3,8.3
SV0069,Phan Trang,2004-02-16,3.7,4.6,4.6
SV0070,Dang Vy,2006-10-11,5.8,1.9,6.3
SV0071,Le Lan,2003-01-11,9.5,8.1,8.4
SV0072,Vu Thao,2003-03-18,6.4,0.8,3.7
SV0073,Hoang Chi,2003-07-26,10.0,0.2,2.2
SV0074,Do Giang,2006-03-18,0.4,3.9,5.4
SV0075,Bui Thao,2006-08-12,6.6,9.7,1.0
SV0076,Le Quang,2005-03-08,3.3,2.6,0.4
SV0077,Do Phong,2004-01-24,1.6,2.9,5.4
SV0078,Phan Chi,2005-03-06,1.9,7.5,0.1
SV0079,Do Phong,2005-09-10,9.4,3.6,7.7
SV0080,Bui Chi,2005-11-23,0.3,3.1,1.4
SV0081,Nguyen Vy,2003-08-27,5.1,8.8,6.4
SV0082,Nguyen Trang,2005-02-06,0.6,3.0,5.3
SV0083,Do Nhi,2004-05-23,1.3,9.9,4.8
SV0084,Tran Khanh,2004-06-21,6.2,6.5,3.5
SV0085,Dang Binh,2006-02-11,5.2,8.3,6.8
SV0086,Dang Vy,2006-04-13,3.5,0.7,9.8
SV0087,Dang Thao,2004-10-01,2.7,6.6,1.7
SV0088,Vu Minh,2006-02-24,3.3,9.1,7.2
SV0089,Dang Khanh,2004-10-04,1.8,8.1,2.2
SV0090,Phan Thao,2004-12-18,4.1,8.0,3.8
SV0091,Le Lan,2006-03-06,6.6,1.3,2.7
SV0092,Tran Hieu,2004-06-29,8.4,4.4,1.5
SV0093,Hoang Dung,2004-11-10,9.7,5.6,1.2
SV0094,Hoang Nhi,2005-07-27,6.3,4.0,5.5
SV0095,Phan Phong,2005-04-18,3.4,6.8,9.2
SV0096,Bui Minh,2004-03-05,4.2,6.5,0.6
SV0097,Vu Quang,2003-12-21,0.1,5.6,2.5
SV0098,Phan Nhi,2006-08-12,6.1,8.3,8.0
SV0099,Dang Hieu,2003-01-25,0.4,2.2,1.2
SV0100,Hoang Hieu,2003-02-06,7.8,7.9,5.1
SV0101,Do Phong,2005-01-26,0.8,6.9,5.4
SV0102,Nguyen Binh,2003-11-16,3.3,2.2,4.6
SV0103,Do Phong,2003-12-16,7.1,0.8,4.2
SV0104,Bui Phong,2006-04-21,5.6,1.1,2.7
SV0105,Vu An,2004-01-15,5.5,5.1,2.3
SV0106,Dang Phong,2006-09-19,3.4,3.5,6.1
SV0107,Hoang Lan,2004-10-31,8.4,0.4,4.9
SV0108,Nguyen Lan,2005-01-19,2.5,7.5,2.0
SV0109,Hoang Minh,2005-03-30,3.0,5.8,8.1
SV0110,Tran Quang,2006-08-14,6.6,6.8,7.7
SV0111,Hoang Lan,2006-06-16,0.9,5.1,5.2
SV0112,Phan Lan,2004-10-13,6.6,3.6,0.8
SV0113,Bui Trang,2003-12-24,7.6,9.6,9.6
SV0114,Bui Minh,2005-02-23,6.3,9.3,9.8
SV0115,Nguyen Lan,2004-05-08,2.1,5.1,5.3
SV0116,Bui Dung,2004-07-08,7.8,7.2,1.4
SV0117,Phan Hieu,2006-08-25,3.9,6.2,5.4
SV0118,Le Nhi,2006-02-03,7.0,1.5,1.4
SV0119,Do An,2006-09-27,8.7,2.8,3.0
SV0120,Le Chi,2004-07-01,9.6,6.9,1.3
SV0121,Le Chi,2006-11-20,0.5,1.9,1.5
SV0122,Do Lan,2006-01-23,9.6,3.0,5.1
SV0123,Bui Binh,2005-08-11,6.8,4.1,9.0
SV0124,Le Quang,2005-11-06,0.4,0.1,abc
SV0125,Do Trang,2006-12-14,7.0,8.2,3.3
SV0126,Nguyen Chi,2005-10-27,1.9,8.2,4.2
SV0127,Vu Dung,2003-12-16,2.4,6.6,4.9
SV0128,Phan Chi,2006-01-02,9.9,4.2,4.2
SV0129,Phan Quang,2004-03-04,9.7,6.3,4.4
SV0130,Bui Nhi,2005-09-13,0.9,9.0,7.4
SV0131,Tran Thao,2003-06-11,3.5,12.2,6.9
SV0132,Tran Chi,invalid-date,,1.9,9.5
SV0133,Vu An,2006-01-25,9.7,6.5,9.1
SV0134,Hoang Giang,2005-01-17,4.0,4.8,4.6
SV0135,Hoang Trang,2004-12-26,4.9,1.4,7.9
SV0136,Bui Dung,2005-01-05,4.6,6.1,5.9
SV0137,Bui Hieu,2004-06-05,9.7,0.8,4.7
SV0138,Bui Trang,2005-12-12,8.2,9.5,8.1
SV0139,Hoang An,2003-06-14,5.9,0.7,9.2
SV0140,Do Binh,2005-03-02,8.0,8.0,NULL
SV0141,Do Lan,2006-01-12,0.2,9.0,1.3
SV0142,Tran Khanh,2003-07-08,1.7,8.6,0.2
SV0143,Nguyen Quang,2003-05-26,7.5,5.2,7.3
SV0144,Phan Quang,2003-11-10,3.1,4.7,3.2
SV0145,Dang Quang,2004-05-11,4.0,5.1,8.5
SV0146,Vu An,2005-09-28,2.5,1.8,1.9
SV0147,Tran Nhi,2005-09-02,5.9,4.8,0.2
SV0148,Pham Khanh,2003-03-11,5.3,7.8,2.9
SV0149,Bui Hieu,2004-07-01,7.7,8.6,5.8
SV0150,Phan Nhi,2005-11-30,1.7,5.3,5.6
SV0151,Pham Nhi,2003-06-05,5.5,4.6,8.1
SV0152,Tran Thao,2005-05-01,4.0,0.1,2.0
SV0153,Hoang Thao,2003-12-13,5.2,9.1,0.8
SV0154,Le Vy,2003-03-16,2.2,8.4,8.0
SV0155,Bui Binh,2005-07-05,5.5,0.4,9.6
SV0156,Dang Trang,2005-11-21,6.3,0.3,9.3
SV0157,Pham Phong,2006-08-26,9.7,0.5,0.9
SV0158,Tran Giang,2004-02-24,0.1,6.2,0.4
SV0159,Hoang Binh,2006-12-06,7.3,1.7,6.4
SV0160,Do Minh,2004-05-02,5.0,0.5,3.5
SV0161,Bui Khanh,2005-08-08,0.9,0.3,4.1
SV0162,Bui Binh,2005-06-22,6.7,1.8,2.4
SV0163,Bui Dung,2005-10-30,7.6,4.0,9.8
SV0164,Le Lan,2003-07-09,0.2,0.7,7.5
SV0165,Do Trang,2005-11-24,7.8,8.2,4.7
SV0166,Le Phong,2004-10-22,1.8,5.5,1.4
SV0167,Vu Binh,2006-11-30,5.0,4.2,5.7
SV0168,Bui Hieu,2003-06-20,7.4,5.9,6.5
SV0169,Pham Binh,2005-02-11,8.8,9.4,5.9
SV0170,Do Phong,2006-03-06,1.8,7.5,0.1
SV0171,Nguyen Hieu,2003-12-26,7.1,5.9,2.4
SV0172,Dang Thao,2003-11-22,6.1,5.0,6.6
SV0173,Tran Binh,2003-09-18,0.0,5.3,1.5
SV0174,Hoang An,2005-06-28,6.1,9.5,3.8
SV0175,Nguyen Lan,2006-04-17,1.2,2.3,3.2
SV0176,Tran Trang,2005-02-27,9.5,4.4,4.4
SV0177,Hoang Giang,2005-07-02,7.4,4.1,3.0
SV0178,Phan Trang,2003-12-11,1.0,5.5,2.0
SV0179,Hoang Quang,2005-04-06,2.2,6.9,3.3
SV0180,Tran Dung,2005-02-27,1.3,3.4,5.4
SV0181,Pham Nhi,2006-01-29,3.0,5.4,9.7
SV0182,Hoang Hieu,2005-07-15,2.4,5.1,0.4
SV0183,Do Trang,2004-02-05,3.0,8.5,6.7
SV0184,Le Lan,2005-02-07,6.4,6.8,6.1
SV0185,Nguyen Thao,2006-05-06,5.1,5.6,8.4
SV0186,Pham Quang,2006-07-13,8.8,8.8,9.5
SV0187,Bui Giang,2006-09-23,8.3,6.1,3.5
SV0188,Phan Thao,2005-03-08,5.3,0.1,5.3
SV0189,Vu Nhi,2005-01-15,8.5,8.0,5.6
SV0190,Vu Hieu,2003-03-01,1.1,2.2,4.9
SV0191,Vu Lan,2003-11-19,4.4,1.9,0.3
SV0192,Tran Binh,2003-08-28,2.2,1.2,6.0
SV0193,Bui Vy,2006-07-06,1.0,2.4,3.1
SV0194,Nguyen Binh,2003-05-16,7.6,6.6,4.6
SV0195,Vu Binh,2006-08-11,1.1,8.2,8.7
SV0196,Bui Trang,2005-09-21,3.4,1.8,0.9
SV0197,Pham Chi,2005-06-27,4.7,8.5,1.0
SV0198,Bui Thao,2005-05-17,7.5,1.3,0.2
SV0199,Dang Khanh,2003-05-09,4.4,0.6,4.8
SV0200,Tran An,2005-04-14,1.8,6.4,2.6
SV0201,Bui Minh,2004-05-23,4.2,abc,1.7
SV0202,Le Nhi,2006-05-26,7.9,2.6,8.0
SV0203,Tran Quang,2004-04-08,3.6,7.5,4.1
SV0204,Tran Nhi,2006-06-19,2.6,4.3,6.1
SV0205,Do Giang,2004-04-24,7.4,6.0,1.8
SV0206,Vu Giang,2003-03-11,5.6,2.5,4.6
SV0207,Vu Quang,2004-06-17,2.1,9.3,7.3
SV0208,Dang Chi,2005-01-02,8.1,3.1,2.7
SV0209,Tran Trang,2006-05-26,2.5,9.2,6.0
SV0210,Phan Quang,2004-10-13,7.3,9.6,1.2
SV0211,Phan Khanh,2006-08-17,4.2,4.6,3.8
SV0212,Tran Hieu,2005-05-31,7.6,4.5,3.2
SV0213,Vu Hieu,2003-01-30,7.6,3.9,3.5
SV0214,Hoang Thao,2005-09-09,0.1,4.1,0.4
SV0215,Nguyen Trang,2006-12-23,2.9,9.8,7.9
SV0216,Tran Thao,2004-11-08,4.3,3.8,9.1
SV0217,Hoang An,2004-02-27,2.2,0.8,1.8
SV0218,Phan Vy,2006-06-21,5.4,1.0,6.1
SV0219,Bui Phong,2006-06-18,0.5,1.3,8.7
SV0220,Pham Binh,2006-11-23,10.0,9.1,7.9
SV0221,Tran Nhi,2005-03-05,0.4,4.4,8.3
SV0222,Nguyen Thao,2004-08-10,4.1,3.7,6.8
SV0223,Dang Dung,2003-04-15,4.1,1.5,6.4
SV0224,Bui Chi,2006-05-27,4.0,0.5,4.5
SV0225,Do Khanh,2005-09-05,4.4,6.4,7.8
SV0226,Hoang Thao,2003-07-13,8.0,4.3,2.7
SV0227,Dang Minh,2006-06-26,1.5,3.2,7.6
SV0228,Hoang An,2003-07-31,1.9,3.9,3.6
SV0229,Tran Trang,2003-01-21,3.7,6.7,2.8
SV0230,Pham Dung,2004-11-27,2.6,3.0,5.6
SV0231,Bui Binh,2006-11-13,2.3,5.6,7.9
SV0232,Le Chi,2003-11-03,1.9,2.5,1.2
SV0233,Hoang Nhi,2006-08-17,4.7,1.9,-3.5
SV0234,Phan Lan,2003-05-13,9.1,6.0,6.2
SV0235,Hoang Thao,2005-12-30,0.5,5.6,8.5
SV0236,Pham Quang,2004-07-19,4.7,9.2,9.2
SV0237,Le Giang,2005-07-19,3.9,7.9,9.7
SV0238,Tran Dung,2004-09-20,1.2,9.7,8.2
SV0239,Tran Lan,2004-10-09,2.8,1.3,9.4
SV0240,Nguyen Vy,2003-05-20,2.9,4.4,8.8
SV0241,Pham Vy,2006-01-11,0.1,9.8,2.0
SV0242,Phan Binh,2004-06-02,5.0,5.2,4.1
SV0243,Phan Minh,2006-06-14,2.2,3.6,6.8
SV0244,Dang Vy,2006-11-04,4.9,4.3,6.3
SV0245,Phan Trang,2005-01-13,-3.5,9.4,5.5
SV0246,Bui Hieu,2005-04-04,5.4,7.6,6.4
SV0247,Nguyen Khanh,2005-08-11,9.3,0.5,6.0
SV0248,Dang Chi,2006-09-12,4.7,1.2,9.2
SV0249,Phan Binh,2004-06-25,1.2,4.2,6.5
SV0250,Hoang Dung,2005-07-31,9.6,0.1,0.4
SV0251,Bui Lan,2004-12-20,1.7,9.0,9.5
SV0252,Le Trang,2004-02-12,7.0,3.0,3.1
SV0253,Vu Giang,2005-05-15,8.2,5.6,2.0
SV0254,Vu Khanh,2005-01-23,8.7,6.1,7.4
SV0255,Do Thao,2006-12-14,9.6,2.6,3.2
SV0256,Pham Quang,2004-11-08,12.2,8.6,7.4
SV0257,Le Binh,2005-07-31,1.8,7.2,2.3
SV0258,Hoang Nhi,2005-04-12,4.7,4.5,9.5
SV0259,Hoang Quang,2003-07-07,6.3,2.8,8.9
SV0260,Dang Hieu,2006-11-25,8.1,7.6,8.9
SV0261,Bui Khanh,2004-10-05,4.2,1.2,6.9
SV0262,Tran Quang,2003-04-23,5.2,1.3,9.5
SV0263,Do Vy,2004-10-12,9.5,2.7,6.7
SV0264,Nguyen Phong,2004-08-03,9.1,5.7,2.7
SV0265,Dang Giang,2005-07-30,9.8,7.5,9.9
SV0266,Tran Thao,2006-01-30,1.3,8.0,4.0
SV0267,Le Khanh,2003-07-10,6.2,,5.6
SV0268,Nguyen Quang,2006-02-19,0.0,0.5,12.2
SV0269,Nguyen Phong,2004-10-04,6.3,0.2,4.9
SV0270,Nguyen Nhi,2003-08-10,4.4,0.5,7.5
SV0271,Do Chi,2005-10-06,2.0,2.2,3.7
SV0272,Nguyen Dung,2003-03-16,3.1,9.9,4.8
SV0273,Bui Quang,2003-07-17,9.0,9.7,4.0
SV0274,Tran Vy,2003-08-04,3.1,2.4,0.8
SV0275,Nguyen Chi,2003-02-28,2.5,-3.5,0.4
SV0276,Hoang An,2006-07-13,2.1,9.5,3.1
SV0277,Vu Dung,2005-06-26,9.6,8.8,4.9
SV0278,Phan Vy,2004-12-20,1.8,5.9,9.1
SV0279,Tran Vy,2003-10-11,4.2,0.4,7.0
SV0280,Le Thao,2006-05-18,8.6,4.5,0.2
SV0281,Phan Thao,2005-10-18,6.0,1.7,7.1
SV0282,Le Dung,2006-05-02,8.5,0.7,8.8
SV0283,Pham Dung,2005-10-03,0.6,-3.5,4.9
SV0284,Tran Minh,2005-05-09,1.2,5.6,1.2
SV0285,Do Trang,2006-05-02,6.0,9.1,9.9
SV0286,Nguyen Phong,2005-04-04,4.7,3.4,2.6
SV0287,Phan An,2005-05-16,4.0,9.7,8.2
SV0288,Tran Khanh,2005-10-17,4.1,8.4,1.5
SV0289,Phan Nhi,2005-08-07,2.0,5.5,0.9
SV0290,Hoang Binh,2005-07-21,8.9,8.9,9.9
SV0291,Le Khanh,2004-06-27,2.2,9.9,10.0
SV0292,Vu Thao,2003-11-07,5.2,1.7,0.2
SV0293,Do Thao,2003-12-23,0.1,7.3,7.2
SV0294,Le Quang,2004-09-27,1.5,1.5,7.5
SV0295,Le Khanh,2003-12-01,5.2,9.4,6.9
SV0296,Nguyen Thao,2006-10-30,8.0,6.3,3.6
SV0297,Vu An,2006-08-18,1.2,9.9,5.9
SV0298,Bui Lan,2003-01-23,3.0,3.1,4.6
SV0299,Bui An,2003-08-04,2.3,7.5,1.4
SV0300,Le Khanh,2006-04-26,3.6,7.4,7.3
SV0301,Pham Phong,2005-08-21,5.3,8.2,1.4
SV0302,Dang Khanh,2006-11-24,0.3,5.1,1.0
SV0303,Do Khanh,2006-07-11,1.1,0.9,5.3
SV0304,Phan Khanh,2003-05-05,4.6,0.2,1.3
SV0305,Bui Khanh,2006-11-13,5.8,6.0,3.3
SV0306,Hoang Dung,2003-09-17,4.9,7.8,8.7
SV0307,Phan An,2003-05-15,2.0,9.4,3.6
SV0308,Nguyen Quang,2006-12-11,9.8,0.5,1.9
SV0309,Dang Binh,2005-08-29,0.7,6.4,1.7
SV0310,Hoang Dung,2004-04-27,6.3,0.7,3.4
SV0311,Phan An,2006-05-02,8.7,6.6,9.8
SV0312,Nguyen Thao,2003-08-04,3.2,2.2,3.9
SV0313,Nguyen Dung,2006-07-09,9.3,1.4,3.5
SV0314,Le Binh,2004-12-26,8.4,0.0,9.8
SV0315,Tran Binh,2004-07-11,5.3,1.4,6.5
SV0316,Tran Thao,2005-11-10,9.9,2.9,5.7
SV0317,Bui Chi,2004-03-14,9.9,4.0,6.4
SV0318,Pham Hieu,2003-09-28,7.3,9.0,1.3
SV0319,Le Dung,2006-12-08,8.1,5.2,6.6
SV0320,Vu Dung,2005-09-28,7.9,9.4,5.3
SV0321,Dang Khanh,2003-04-05,2.9,0.1,3.0
SV0322,Le Giang,2005-03-04,5.2,3.3,6.8
SV0323,Hoang Chi,2005-07-04,4.3,8.3,0.7
SV0324,Le Nhi,2006-07-10,8.9,3.1,7.3
SV0325,Dang Khanh,2005-04-01,0.4,8.3,9.2
SV0326,Dang Binh,2004-04-03,6.1,3.9,0.5
SV0327,Phan Hieu,2003-02-13,2.8,3.9,9.5
SV0328,Nguyen Nhi,2005-04-25,0.5,4.3,7.0
SV0329,Pham Dung,2005-11-08,4.7,7.9,6.7
SV0330,Le Khanh,2006-01-18,8.4,4.6,0.1
SV0331,Do Khanh,2004-07-30,2.5,4.0,NULL
SV0332,Nguyen Vy,2004-05-14,4.6,0.3,4.2
SV0333,Pham Trang,2003-09-19,8.3,3.9,6.8
SV0334,Nguyen Lan,2004-11-25,3.9,5.9,3.8
SV0335,Tran Khanh,2004-09-10,5.5,5.0,5.2
SV0336,Nguyen Phong,2004-05-24,5.7,NULL,1.8
SV0337,Do Phong,2005-12-27,8.9,4.1,3.3
SV0338,Do Lan,2003-07-01,1.1,0.3,5.7
SV0339,Do Thao,2005-10-20,4.1,0.2,1.8
SV0340,Bui Thao,2003-09-19,1.7,0.1,4.9
SV0341,Tran Phong,2005-05-19,9.6,1.4,6.2
SV0342,Hoang Giang,2004-01-17,9.9,5.2,0.5
SV0343,Vu Quang,2003-11-10,2.8,2.7,0.6
SV0344,Dang Thao,2005-06-18,2.7,9.3,3.8
SV0345,Pham Chi,2006-07-10,2.1,4.3,4.7
SV0346,Dang Lan,2006-05-05,1.6,2.9,7.0
SV0347,Pham Trang,2004-08-16,3.0,6.4,6.0
SV0348,Vu Lan,2003-09-30,6.4,8.6,0.6
SV0349,Do Nhi,2003-03-14,8.0,2.2,0.7
SV0350,Vu Quang,2005-03-22,5.1,9.5,1.6
SV0351,Le Lan,2003-07-03,2.2,1.9,7.7
SV0352,Le Vy,2006-03-03,2.7,9.3,0.9
SV0353,Nguyen Vy,2006-10-04,1.3,7.5,6.2
SV0354,Le Nhi,2004-01-06,0.6,2.9,3.4
SV0355,Phan Lan,2006-03-11,5.0,4.7,4.9
SV0356,Vu Dung,2004-08-30,3.3,4.3,8.0
SV0357,Vu Vy,2004-06-13,3.1,10.0,0.7
SV0358,Hoang Hieu,2006-06-07,9.5,2.9,0.3
SV0359,Do Khanh,2005-01-08,8.4,5.3,3.3
SV0360,Nguyen An,2005-07-27,6.3,12.2,3.2
SV0361,Hoang Minh,2003-08-28,9.7,1.1,8.0
SV0362,Tran Thao,2005-02-02,4.3,2.6,6.8
SV0363,Bui Quang,2004-02-10,9.0,5.1,9.0
SV0364,Do Hieu,2006-08-09,7.8,9.3,4.2
SV0365,Nguyen Binh,2003-05-08,1.1,7.1,9.1
SV0366,Phan Quang,2004-08-08,9.4,3.1,0.6
SV0367,Tran Hieu,2005-09-26,3.5,6.7,6.2
SV0368,Le Thao,2003-05-22,0.5,1.7,2.9
SV0369,Nguyen Trang,2006-07-09,6.1,8.4,9.5
SV0370,Tran Minh,2006-08-06,5.0,8.3,7.4
SV0371,Hoang Nhi,2006-05-21,3.3,8.8,7.9
SV0372,Le Dung,2005-09-21,6.3,2.2,3.8
SV0373,Do Thao,2005-06-29,5.7,8.5,1.0
SV0374,Bui Hieu,2004-08-13,1.4,4.6,2.7
SV0375,Bui An,2004-11-13,5.8,9.8,5.0
SV0376,Vu Hieu,2005-01-18,5.2,3.5,4.4
SV0377,Le Thao,2004-11-02,1.8,2.7,9.8
SV0378,Vu Binh,2005-12-02,8.0,4.2,2.1
SV0379,Nguyen Phong,2004-12-05,4.0,2.2,4.9
SV0380,Phan An,2005-04-20,5.9,2.9,4.1
SV0381,Vu Phong,2006-06-26,5.4,1.2,3.1
SV0382,Pham Dung,2003-06-02,4.7,9.5,0.8
SV0383,Hoang Dung,2006-11-20,0.3,2.7,4.5
SV0384,Vu Dung,2006-10-11,8.9,5.6,6.4
SV0385,Do Binh,2006-01-06,0.1,7.4,8.6
SV0386,Hoang Binh,2005-11-30,4.3,0.7,8.3
SV0387,Hoang An,2005-05-22,6.1,3.1,9.4
SV0388,Tran Giang,2004-01-21,8.2,6.9,8.2
SV0389,Hoang Quang,2005-04-05,9.9,1.1,0.6
SV0390,Dang Vy,2004-12-17,3.8,5.3,9.2
SV0391,Le Quang,2004-07-26,7.0,4.0,0.8
SV0392,Le Vy,2003-01-27,1.9,8.4,5.5
SV0393,Le Phong,2004-11-11,8.2,0.2,1.6
SV0394,Phan Vy,2006-07-04,4.7,6.2,6.8
SV0395,Bui Binh,2005-09-22,3.8,5.1,5.1
SV0396,Do Nhi,2006-04-17,9.6,7.7,1.2
SV0397,Do Lan,2006-01-12,8.7,6.5,3.2
SV0398,Phan Khanh,2005-05-28,0.1,3.7,9.6
SV0399,Hoang Phong,2005-12-19,1.9,8.4,8.9
SV0400,Vu Lan,2003-05-01,5.4,7.2,12.2
SV0401,Pham Binh,2005-03-13,8.9,2.6,3.0
SV0402,Bui Lan,2003-05-19,4.9,2.6,9.0
SV0403,Pham Khanh,2006-07-21,2.8,8.2,1.4
SV0404,Tran Nhi,2003-06-26,4.4,8.3,6.2
SV0405,Pham Thao,2004-10-31,4.6,0.3,5.3
SV0406,Dang Trang,2005-10-03,4.7,9.8,8.0
SV0407,Hoang Hieu,2005-08-30,5.9,0.3,9.8
SV0408,Vu Nhi,2006-03-25,1.8,6.1,7.4
SV0409,Bui Dung,2003-10-15,4.5,9.5,8.7
SV0410,Hoang Hieu,2003-09-11,9.9,2.7,3.2
SV0411,Tran Binh,2004-10-26,5.8,5.0,5.1
SV0412,Pham Khanh,2005-04-08,4.8,8.0,7.0
SV0413,Hoang Lan,2003-06-04,3.1,4.7,1.4
SV0414,Tran Chi,2004-07-07,3.7,9.9,9.4
SV0415,Bui Vy,2005-09-26,4.8,2.3,7.3
SV0416,Hoang Giang,2003-01-28,3.0,8.2,5.7
SV0417,Vu Giang,2003-12-21,5.2,3.1,9.3
SV0418,Pham Trang,2003-09-08,9.6,8.3,2.0
SV0419,Do Binh,2005-11-14,9.0,2.1,5.1
SV0420,Hoang Quang,2006-06-16,9.7,8.0,2.8
SV0421,Hoang Binh,2004-10-30,9.4,3.8,
SV0422,Dang Binh,2003-10-07,3.6,NULL,0.2
SV0423,Hoang Phong,2003-10-20,4.0,8.9,0.8
SV0424,Vu Chi,2005-03-17,9.0,6.2,10.0
SV0425,Bui Dung,2005-01-04,9.0,7.5,abc
SV0426,Le Lan,2003-06-02,0.5,7.1,1.5
SV0427,Vu Hieu,2006-04-03,3.0,0.2,3.5
SV0428,Bui Dung,2003-04-15,0.2,8.4,0.4
SV0429,Tran Giang,2005-02-27,3.3,3.6,3.3
SV0430,Le Quang,2003-12-14,2.1,2.7,5.4
SV0431,Pham An,2003-12-15,1.5,7.2,2.6
SV0432,Nguyen Minh,2006-04-20,5.2,2.2,5.0
SV0433,Hoang Dung,2003-01-01,7.9,3.4,8.1
SV0434,Nguyen Quang,2005-05-19,1.1,6.2,1.4
SV0435,Dang Hieu,2004-10-27,2.3,3.3,5.6
SV0436,Pham Thao,2004-06-23,2.8,2.7,6.6
SV0437,Tran Nhi,2006-03-02,3.2,9.4,NULL
SV0438,Phan Nhi,2006-07-24,1.9,6.1,1.7
SV0439,Bui Binh,2005-08-08,0.5,7.4,7.1
SV0440,Tran Phong,2004-01-26,6.9,4.4,0.1
SV0441,Pham Lan,2005-01-16,1.4,9.1,5.1
SV0442,Phan Lan,invalid-date,7.6,0.5,
SV0443,Tran Phong,2006-08-15,5.5,7.7,8.6
SV0444,Dang Khanh,2003-08-22,1.5,2.4,8.1
SV0445,Le Thao,2004-12-03,4.7,6.9,4.5
SV0446,Dang Dung,2003-02-24,5.0,5.7,5.4
SV0447,Le Lan,2005-08-14,2.3,4.2,8.2
SV0448,Phan Chi,2005-10-07,2.9,2.3,6.4
SV0449,Nguyen Giang,2004-02-26,1.2,2.9,6.9
SV0450,Dang Chi,2005-04-10,0.9,6.9,1.4
SV0451,Phan Binh,2004-10-19,1.5,0.8,9.9
SV0452,Phan Lan,2005-03-27,4.5,7.9,6.6
SV0453,Le Khanh,2003-02-13,NULL,6.8,7.1
SV0454,Bui Vy,2005-11-07,7.4,5.4,5.8
SV0455,Pham Minh,2004-03-25,8.2,5.9,7.3
SV0456,Dang Lan,2003-03-18,6.0,2.2,0.9
SV0457,Phan Lan,2003-02-28,9.4,8.9,abc
SV0458,Vu Nhi,2005-02-13,8.8,9.7,3.0
SV0459,Hoang Vy,2005-07-08,5.9,9.4,2.4
SV0460,Vu Minh,2006-04-04,6.7,9.2,4.7
SV0461,Dang Quang,2005-06-03,7.0,1.9,2.9
SV0462,Le Dung,2005-03-07,3.1,7.1,4.2
SV0463,Vu An,2004-01-05,4.4,5.5,9.4
SV0464,Phan Giang,2005-07-29,2.8,3.3,2.8
SV0465,Dang Phong,2004-01-20,2.2,1.9,2.8
SV0466,Pham Khanh,2006-10-02,3.9,8.3,0.1
SV0467,Hoang Giang,2005-03-18,0.9,9.3,1.2
SV0468,Bui Trang,2004-04-26,2.1,4.8,1.8
SV0469,Nguyen Hieu,2004-09-28,0.1,7.4,6.4
SV0470,Do Binh,2005-02-01,2.2,1.0,6.7
SV0471,Dang An,2005-08-14,5.0,7.6,2.6
SV0472,Pham Trang,2006-08-15,7.4,4.5,4.2
SV0473,Dang Hieu,2003-07-03,8.0,8.9,9.5
SV0474,Le Hieu,2004-12-17,6.3,abc,6.8
SV0475,Phan Binh,2005-06-19,3.1,5.0,7.3
SV0476,Nguyen An,2003-06-24,1.4,6.6,1.8
SV0477,Vu Chi,2005-06-25,6.0,2.1,4.5
SV0478,Vu Khanh,2005-05-24,6.1,0.7,3.8
SV0479,Dang Thao,2004-02-08,0.7,2.7,-3.5
SV0480,Tran Nhi,2005-11-14,6.7,9.9,0.3
SV0481,Do Dung,2005-08-22,5.7,9.5,8.3
SV0482,Hoang Nhi,2005-02-07,8.8,1.4,3.6
SV0483,Do An,2003-04-03,2.5,1.1,7.8
SV0484,Hoang Phong,2006-01-27,0.3,8.1,1.6
SV0485,Do Hieu,2005-01-04,9.7,3.0,6.0
SV0486,Dang Vy,2004-05-31,3.0,9.6,3.5
SV0487,Tran Nhi,2005-05-17,0.5,4.4,2.4
SV0488,Vu Hieu,2004-03-17,3.5,6.9,8.8
SV0489,Hoang Lan,2003-04-08,5.3,8.9,9.7
SV0490,Tran Quang,2004-04-26,4.8,0.4,9.6
SV0491,Do Phong,2006-03-23,-3.5,8.3,1.1
SV0492,Le Phong,2003-10-03,9.6,7.0,2.9
SV0493,Le Binh,2006-09-17,4.5,6.5,4.5
SV0494,Bui Quang,2005-10-10,3.0,7.4,5.7
SV0495,Le Minh,2006-09-15,7.4,8.0,9.1
SV0496,Hoang Quang,2004-10-22,1.3,1.6,6.5
SV0497,Nguyen Phong,2004-06-10,9.7,7.5,0.8
SV0498,Do Lan,2005-05-15,8.1,2.7,2.9
SV0499,Bui Binh,2005-06-26,1.6,0.8,9.0
SV0500,Pham Nhi,2006-06-30,7.9,3.9,9.3
SV0501,Tran Thao,2006-12-18,9.9,9.7,0.8
SV0502,Nguyen Giang,2005-11-03,1.1,2.4,3.3
SV0503,Le Giang,2005-09-06,5.1,3.7,0.4
SV0504,Phan An,2004-01-09,8.7,6.1,8.2
SV0505,Dang Vy,2005-01-31,4.5,5.1,4.8
SV0506,Tran An,2006-11-18,0.7,5.0,0.4
SV0507,Pham Chi,2003-03-06,6.1,7.2,0.6
SV0508,Phan Thao,2004-07-02,9.8,5.0,9.1
SV0509,Tran Chi,2004-04-28,5.0,4.3,8.8
SV0510,Bui Quang,2005-09-28,8.3,9.3,1.7
SV0511,Hoang Hieu,2004-05-23,2.0,9.3,4.0
SV0512,Bui Minh,2003-07-15,2.6,7.6,8.7
SV0513,Pham Lan,2005-03-26,8.1,0.2,9.8
SV0514,Le Binh,2004-01-10,9.5,0.5,3.8
SV0515,Vu Binh,2003-10-29,8.4,6.5,9.9
SV0516,Do Phong,2004-04-24,7.1,5.5,3.3
SV0517,Nguyen Lan,2006-10-08,7.5,0.5,2.5
SV0518,Phan Lan,2005-05-04,0.6,9.6,4.3
SV0519,Le Giang,2006-03-20,0.9,6.7,5.5
SV0520,Tran Giang,2006-12-13,3.8,9.0,7.6
SV0521,Nguyen Dung,2003-12-11,7.9,3.4,6.4
SV0522,Bui Thao,2006-01-10,2.4,1.4,1.0
SV0523,Pham Dung,2006-03-31,1.4,3.3,0.4
SV0524,Nguyen Chi,2006-03-11,2.9,6.1,10.0
SV0525,Hoang Chi,2003-09-08,8.8,2.5,7.9
SV0526,Phan Lan,2005-08-24,1.5,0.1,7.9
SV0527,Pham Vy,2004-11-11,4.5,7.5,7.6
SV0528,Do Vy,2005-03-25,1.2,6.1,7.0
SV0529,Pham An,2006-05-10,8.6,3.6,9.9
SV0530,Tran Thao,2003-06-18,7.8,4.1,4.9
SV0531,Le Minh,2006-07-21,3.3,0.4,7.1
SV0532,Vu Lan,2004-01-11,1.1,4.2,9.8
SV0533,Tran Trang,2004-01-14,6.8,9.6,7.3
SV0534,Vu Minh,2004-06-27,2.8,3.5,6.3
SV0535,Hoang Phong,2003-05-20,6.2,4.9,5.2
SV0536,Pham Giang,2003-03-01,6.2,,9.1
SV0537,Hoang Dung,2006-07-30,9.9,3.1,6.2
SV0538,Tran Nhi,2003-01-07,4.9,0.7,2.6
SV0539,Bui Giang,2006-04-19,8.0,6.6,0.3
SV0540,Hoang Trang,2003-03-04,7.7,2.8,7.2
SV0541,Tran Minh,2003-02-16,3.4,8.8,3.4
SV0542,Nguyen Binh,2006-03-05,1.0,5.9,3.9
SV0543,Le An,2003-03-27,2.5,2.9,5.3
SV0544,Le An,2004-02-18,3.1,7.5,3.8
SV0545,Tran Hieu,2003-09-17,3.0,4.7,4.5
SV0546,Phan Dung,2004-04-18,3.8,3.8,9.6
SV0547,Nguyen An,2003-08-18,9.9,0.2,8.6
SV0548,Phan Dung,2003-03-30,5.0,0.1,6.9
SV0549,Nguyen Quang,2006-08-14,1.1,6.9,5.0
SV0550,Tran An,2003-07-17,4.5,9.0,1.2
SV0551,Dang Chi,2003-09-27,3.0,3.2,5.8
SV0552,Do Giang,2006-02-28,8.7,0.6,3.7
SV0553,Do Quang,2004-05-17,6.5,7.9,0.9
SV0554,Do An,2003-01-11,6.9,7.2,4.3
SV0555,Hoang An,2006-07-16,5.6,5.2,6.0
SV0556,Pham Khanh,2003-03-16,9.1,8.6,7.7
SV0557,Tran Dung,2003-12-28,8.3,NULL,9.4
SV0558,Vu Phong,2004-12-31,8.9,8.2,6.7
SV0559,Dang Nhi,2006-04-08,3.6,abc,5.7
SV0560,Vu Giang,2004-05-13,9.2,1.1,0.4
SV0561,Dang Chi,2006-12-09,8.3,8.2,3.2
SV0562,Phan Phong,2003-04-05,6.0,0.3,7.6
SV0563,Pham An,2004-03-15,2.9,2.7,2.2
SV0564,Le Nhi,2005-07-04,9.9,0.4,4.7
SV0565,Pham Nhi,2004-07-08,2.8,0.2,1.2
SV0566,Pham Minh,2003-07-30,3.4,4.0,9.5
SV0567,Tran An,2004-01-21,7.3,9.8,0.4
SV0568,Phan Binh,2003-12-06,1.5,NULL,6.5
SV0569,Bui Quang,2004-11-27,9.5,4.3,7.4
SV0570,Nguyen Dung,2005-02-14,8.6,2.9,3.7
SV0571,Vu Trang,2003-11-05,6.7,5.0,9.7
SV0572,Dang Chi,2003-08-13,2.1,3.7,4.3
SV0573,Tran Khanh,2005-08-01,3.8,3.4,3.4
SV0574,Le Khanh,2004-11-06,9.2,7.5,0.5
SV0575,Pham Phong,2006-07-21,4.3,6.6,6.5
SV0576,Phan Dung,2005-11-28,4.0,5.5,1.9
SV0577,Vu Minh,2004-11-08,8.2,7.4,2.2
SV0578,Le Trang,2005-10-14,3.4,8.4,3.9
SV0579,Pham Thao,2004-06-03,5.9,8.7,7.0
SV0580,Le Dung,2005-10-03,8.8,7.3,7.0
SV0581,Vu Trang,2006-10-23,0.8,1.0,5.4
SV0582,Dang Binh,2003-04-05,8.8,1.7,6.2
SV0583,Bui Minh,2004-07-02,4.9,3.7,6.5
SV0584,Le Thao,2005-12-23,3.3,1.9,3.3
SV0585,Bui Nhi,2004-02-06,9.2,1.8,8.8
SV0586,Do Thao,2004-03-15,1.0,6.1,1.0
SV0587,Tran Lan,2006-04-07,9.8,0.1,1.4
SV0588,Dang Trang,2004-12-16,9.2,1.4,9.1
SV0589,Le Binh,2004-07-07,8.9,7.2,1.0
SV0590,Hoang Trang,2004-03-23,7.0,7.0,6.8
SV0591,Do Quang,2006-04-04,5.7,8.4,3.2
SV0592,Do Khanh,2004-11-24,abc,7.7,4.2
SV0593,Nguyen Hieu,2004-10-26,8.9,5.5,3.2
SV0594,Bui Khanh,2004-06-30,6.4,12.2,6.3
SV0595,Bui Khanh,2003-07-24,4.1,8.1,3.3
SV0596,Do Khanh,2005-02-20,9.2,7.3,7.2
SV0597,Nguyen Vy,2005-07-23,9.1,7.7,2.0
SV0598,Pham Quang,2004-09-24,5.6,2.5,8.0
SV0599,Vu Dung,2005-03-31,7.4,4.6,9.0
SV0600,Nguyen An,2005-05-19,3.1,4.6,6.4
SV0601,Phan Nhi,2005-05-31,3.1,3.6,3.9
SV0602,Bui Binh,2006-10-18,5.1,7.3,1.4
SV0603,Vu Phong,2004-07-02,NULL,4.8,7.8
SV0604,Tran An,2003-01-27,3.3,1.5,8.1
SV0605,Do An,2003-03-30,4.7,7.7,2.6
SV0606,Le Nhi,2004-05-13,0.3,5.7,8.9
SV0607,Tran An,2006-02-25,0.1,0.5,4.9
SV0608,Hoang Giang,2004-08-05,9.3,9.8,3.9
SV0609,Dang Vy,2003-06-11,9.8,3.9,4.0
SV0610,Bui Thao,2004-04-08,1.1,8.8,3.6
SV0611,Tran Giang,2004-10-20,2.3,0.1,3.4
SV0612,Hoang Binh,2006-07-11,1.9,7.9,4.7
SV0613,Hoang An,2005-01-26,3.2,3.4,5.8
SV0614,Nguyen Giang,2003-12-08,6.8,2.7,5.3
SV0615,Do Phong,2003-01-30,0.8,1.2,3.1
SV0616,Phan Lan,2005-12-28,6.2,6.4,8.6
SV0617,Hoang Minh,2005-02-08,7.5,0.5,8.1
SV0618,Dang Binh,2006-02-13,7.5,9.0,9.9
SV0619,Hoang Binh,2006-08-02,4.3,5.2,8.5
SV0620,Do Khanh,2006-04-11,7.4,0.3,0.4
SV0621,Dang Giang,2005-11-19,6.2,0.9,4.9
SV0622,Phan Binh,2003-03-25,0.2,3.6,4.1
SV0623,Do Vy,2006-02-09,8.1,9.2,9.8
SV0624,Hoang Vy,2006-10-11,6.9,0.8,3.5
SV0625,Pham Thao,2004-05-27,5.2,2.0,4.6
SV0626,Phan Dung,2006-02-01,1.1,1.7,4.1
SV0627,Pham Giang,2005-07-23,4.1,6.2,3.9
SV0628,Hoang An,2006-09-03,9.4,1.2,9.5
SV0629,Hoang Vy,2005-11-14,4.1,0.9,6.9
SV0630,Hoang Thao,2003-05-11,3.6,9.8,2.7
SV0631,Bui Quang,2006-10-14,5.9,2.1,8.3
SV0632,Dang An,2005-04-19,6.2,2.3,8.0
SV0633,Do An,2004-04-27,7.4,8.4,5.0
SV0634,Tran Nhi,2003-10-27,4.7,9.2,2.6
SV0635,Pham Trang,2006-09-12,1.7,9.9,6.1
SV0636,Bui Quang,2006-07-03,3.9,9.8,6.3
SV0637,Vu Lan,2003-03-14,2.4,7.9,2.6
SV0638,Dang An,2005-01-20,4.9,3.2,2.7
SV0639,Bui Binh,2006-06-06,6.9,3.4,0.0
SV0640,Pham Nhi,2003-12-24,5.7,9.4,2.3
SV0641,Tran Binh,2004-02-21,9.0,5.0,0.4
SV0642,Do An,2004-12-29,4.8,9.6,8.4
SV0643,Dang Trang,2003-08-01,5.8,6.6,5.5
SV0644,Tran Giang,2006-04-26,6.4,5.5,0.0
SV0645,Pham Giang,2006-10-15,1.7,2.2,2.8
SV0646,Phan Giang,2003-05-15,5.3,6.7,2.3
SV0647,Do Chi,2006-01-08,9.6,2.9,2.1
SV0648,Le Binh,2003-10-28,4.5,7.7,5.9
SV0649,Vu Chi,2005-09-15,0.5,0.9,4.7
SV0650,Hoang Giang,2005-05-19,7.7,1.0,7.0
SV0651,Do Chi,2005-02-06,7.2,6.2,5.3
SV0652,Dang Dung,2005-03-03,1.8,5.0,8.4
SV0653,Phan Thao,2004-10-22,2.6,6.9,4.3
SV0654,Bui An,2006-08-21,9.6,8.4,8.9
SV0655,Le Thao,2006-08-15,1.6,1.9,6.9
SV0656,Phan Vy,2005-05-10,3.2,0.0,2.6
SV0657,Hoang Giang,2003-11-01,3.2,0.9,9.6
SV0658,Nguyen Binh,2006-12-10,3.0,9.7,1.4
SV0659,Hoang Dung,2003-11-25,6.9,7.7,2.8
SV0660,Vu Hieu,2004-01-31,8.3,1.9,7.0
SV0661,Le Dung,2006-07-18,7.4,1.6,9.4
SV0662,Pham Lan,2005-09-01,3.0,9.7,3.7
SV0663,Tran Chi,2004-01-02,5.0,1.4,8.6
SV0664,Hoang Nhi,2006-02-07,0.5,7.9,2.1
SV0665,Hoang Vy,2005-06-10,7.6,3.2,2.3
SV0666,Nguyen Thao,2004-01-26,3.4,0.1,5.4
SV0667,Phan Phong,2004-07-10,4.4,0.4,5.5
SV0668,Phan Giang,2004-05-16,2.1,6.3,6.0
SV0669,Nguyen Minh,2004-09-27,1.0,4.3,8.9
SV0670,Hoang Binh,2004-03-13,9.4,0.1,4.3
SV0671,Pham Khanh,2004-06-10,3.9,3.0,5.2
SV0672,Vu Vy,2003-07-04,4.8,5.5,0.4
SV0673,Hoang Vy,2003-06-11,6.2,2.8,0.5
SV0674,Vu Hieu,2004-07-22,1.4,5.0,7.1
SV0675,Pham Hieu,2004-05-07,1.1,3.8,0.9
SV0676,Dang Vy,2004-10-24,5.8,1.2,7.6
SV0677,Phan An,2006-08-05,7.6,0.3,0.9
SV0678,Pham Dung,2003-07-26,0.6,9.6,3.5
SV0679,Do Trang,2004-09-15,7.5,7.3,7.5
SV0680,Dang Binh,invalid-date,0.7,,9.7
SV0681,Pham An,2006-02-02,4.0,8.8,2.0
SV0682,Do Quang,2005-11-10,2.9,2.5,3.3
SV0683,Pham Lan,2003-01-10,3.3,0.1,8.7
SV0684,Le Trang,2003-01-01,9.9,2.1,
SV0685,Tran Giang,2003-07-26,1.3,2.4,6.4
SV0686,Nguyen Binh,2005-08-18,9.8,2.4,1.5
SV0687,Vu Phong,2004-05-26,9.6,10.0,9.4
SV0688,Vu Minh,2005-07-17,9.2,3.9,3.1
SV0689,Bui Thao,2003-04-29,4.7,4.0,9.0
SV0690,Tran Dung,2004-09-24,1.6,5.0,4.4
SV0691,Do Giang,2003-09-11,6.7,3.5,5.0
SV0692,Bui Hieu,2004-07-23,4.8,8.9,4.4
SV0693,Dang Lan,2005-02-17,7.7,2.8,9.1
SV0694,Bui Minh,2003-09-07,0.3,7.5,5.7
SV0695,Pham Hieu,2006-10-07,7.2,6.5,6.4
SV0696,Vu Dung,2005-02-06,8.9,2.9,2.5
SV0697,Pham Dung,2003-12-23,5.8,7.2,7.3
SV0698,Pham An,2004-06-19,abc,8.9,8.5
SV0699,Dang Dung,2004-12-25,9.3,8.3,6.6
SV0700,Nguyen Vy,2005-08-25,1.2,0.6,9.7
SV0701,Vu Vy,2003-12-16,4.9,8.6,7.8
SV0702,Hoang Khanh,2003-05-30,7.5,7.8,5.3
SV0703,Vu Nhi,2004-09-24,0.8,3.5,abc
SV0704,Pham Quang,2006-08-11,7.6,7.9,8.2
SV0705,Pham Hieu,2004-09-25,5.9,4.4,0.4
SV0706,Bui Vy,2005-04-09,1.7,1.1,9.2
SV0707,Hoang Lan,2005-08-30,7.3,8.6,1.4
SV0708,Dang Phong,2004-09-06,3.9,7.9,1.4
SV0709,Tran An,2003-11-23,8.9,7.7,7.8
SV0710,Phan Vy,2006-01-06,9.6,5.3,8.7
SV0711,Tran An,2005-11-27,5.4,5.5,1.5
SV0712,Phan Thao,2006-03-16,9.6,8.6,-3.5
SV0713,Do Dung,2006-10-17,abc,8.2,3.1
SV0714,Do Binh,2004-09-11,4.1,3.7,3.3
SV0715,Bui Dung,2003-12-24,2.5,2.3,4.3
SV0716,Tran Minh,2006-11-26,7.8,7.5,4.7
SV0717,Vu Phong,2006-10-10,6.3,2.5,2.8
SV0718,Tran Hieu,2005-11-28,8.2,5.2,0.8
SV0719,Bui Binh,2006-06-21,9.8,9.7,4.0
SV0720,Dang Phong,2005-10-05,1.2,4.6,6.2
SV0721,Hoang Chi,2005-01-26,3.9,2.5,5.9
SV0722,Pham Hieu,2004-06-13,3.5,6.4,4.2
SV0723,Nguyen Thao,2005-08-05,9.4,8.5,10.0
SV0724,Dang Giang,2004-10-17,8.2,1.4,4.2
SV0725,Le Nhi,2004-04-04,8.3,10.0,5.5
SV0726,Bui Trang,2004-11-11,1.2,8.6,2.2
SV0727,Bui Phong,2003-10-04,5.1,2.7,3.8
SV0728,Le Vy,2006-02-05,5.7,3.1,5.8
SV0729,Bui Vy,2006-11-07,7.8,2.3,2.5
SV0730,Pham Khanh,2005-05-16,1.7,6.5,8.7
SV0731,Le Chi,2006-06-06,1.7,7.3,0.4
SV0732,Le Nhi,2006-06-17,4.8,9.4,3.2
SV0733,Dang Minh,2005-01-30,0.5,2.9,0.9
SV0734,Nguyen Trang,2004-01-25,4.7,5.0,5.9
SV0735,Dang Dung,2006-04-24,6.9,7.4,4.6
SV0736,Nguyen Thao,2003-03-29,,6.6,1.2
SV0737,Phan Vy,2006-01-20,2.9,8.7,8.4
SV0738,Bui Quang,2004-02-02,9.1,6.6,8.7
SV0739,Hoang An,2006-10-12,4.1,9.6,4.6
SV0740,Phan Chi,2004-06-13,0.3,7.0,4.2
SV0741,Nguyen Dung,2005-10-06,2.9,5.5,3.3
SV0742,Bui Binh,2003-01-26,3.6,5.0,0.8
SV0743,Hoang Binh,2005-10-04,0.5,8.7,2.2
SV0744,Le Giang,2006-05-27,8.5,2.3,4.9
SV0745,Vu Thao,2003-02-25,1.9,5.6,7.3
SV0746,Phan Lan,2005-03-16,8.1,8.0,2.2
SV0747,Dang Hieu,2005-01-06,8.4,5.4,5.8
SV0748,Nguyen Chi,2006-01-18,3.1,6.3,2.7
SV0749,Tran Dung,2003-11-03,7.6,2.7,2.2
SV0750,Hoang An,2006-07-17,4.6,9.0,3.0
SV0751,Le Giang,2003-07-14,3.4,2.7,5.1
SV0752,Le Lan,2005-10-30,6.9,3.7,2.9
SV0753,Phan Dung,2005-06-25,2.1,8.5,9.4
SV0754,Hoang An,2006-10-07,0.0,12.2,8.5
SV0755,Hoang Phong,2004-08-12,8.9,7.0,6.4
SV0756,Hoang Binh,2003-07-07,2.0,4.9,2.9
SV0757,Phan Thao,2003-02-18,9.7,3.2,0.1
SV0758,Dang Phong,2003-06-02,3.1,7.2,4.1
SV0759,Do Thao,2003-03-17,8.1,2.6,5.7
SV0760,Le Hieu,2005-01-01,1.5,8.9,7.8
SV0761,Do Thao,2004-06-14,1.2,5.4,2.2
SV0762,Dang An,2006-01-01,2.4,7.6,9.7
SV0763,Hoang Minh,2006-07-11,8.4,5.4,8.8
SV0764,Le Minh,2004-10-21,8.8,9.3,8.0
SV0765,Le Phong,2006-06-06,5.8,9.1,2.9
SV0766,Dang Phong,2003-04-26,7.7,9.4,4.4
SV0767,Hoang Dung,2003-09-29,2.6,6.5,3.7
SV0768,Dang Khanh,2003-05-04,2.8,7.3,3.8
SV0769,Le Thao,2006-10-26,9.3,9.8,8.7
SV0770,Phan Binh,2004-12-18,0.7,6.3,4.7
SV0771,Hoang Lan,2003-12-29,4.7,5.3,6.8
SV0772,Do Vy,2004-04-03,1.5,8.4,4.2
SV0773,Phan Binh,2006-09-19,7.0,7.7,3.5
SV0774,Bui Giang,2005-08-23,7.8,-3.5,2.2
SV0775,Dang Dung,2006-09-21,7.1,1.9,7.1
SV0776,Phan Hieu,2004-04-09,3.1,1.2,7.1
SV0777,Phan Hieu,2006-11-03,8.5,9.2,1.8
SV0778,Le Chi,2006-03-16,9.9,5.0,9.0
SV0779,Do Lan,2005-02-21,3.4,8.7,3.7
SV0780,Phan Giang,2005-07-26,7.0,1.6,7.8
SV0781,Vu Quang,2005-08-01,1.3,5.2,5.2
SV0782,Dang Trang,2003-02-15,0.7,1.3,3.7
SV0783,Nguyen Chi,2006-04-11,5.9,8.0,7.2
SV0784,Phan Binh,2005-06-23,4.8,5.4,2.9
SV0785,Vu Hieu,2006-07-24,7.6,0.5,5.3
SV0786,Pham Nhi,2005-09-09,3.8,7.4,5.6
SV0787,Tran Nhi,2003-06-22,6.3,0.6,1.8
SV0788,Do Nhi,2004-02-24,0.9,3.4,1.0
SV0789,Tran Dung,2003-03-24,3.7,4.7,4.7
SV0790,Vu Hieu,2006-08-12,7.3,4.0,0.5
SV0791,Vu Khanh,2004-01-14,9.1,2.0,8.4
SV0792,Phan Hieu,2003-06-11,8.2,6.8,7.7
SV0793,Nguyen Dung,2003-02-24,8.8,2.5,3.3
SV0794,Dang An,2005-11-26,8.6,9.2,8.2
SV0795,Nguyen Lan,2004-05-28,0.2,5.5,9.7
SV0796,Le Minh,invalid-date,,8.1,8.5
SV0797,Le Dung,2006-04-16,4.9,2.4,1.5
SV0798,Do Khanh,2003-02-08,0.8,2.7,2.8
SV0799,Phan Lan,2005-04-11,3.7,5.2,9.0
SV0800,Hoang Quang,2005-10-15,0.6,3.8,4.4
SV0801,Nguyen Hieu,2005-07-26,4.0,8.0,1.1
SV0802,Nguyen An,2004-02-10,3.1,8.2,4.6
SV0803,Vu Thao,2006-10-11,1.3,3.6,6.4
SV0804,Tran Vy,2004-12-08,1.0,9.3,0.3
SV0805,Dang Hieu,2005-06-25,1.7,3.9,1.5
SV0806,Hoang Dung,2005-04-25,9.3,4.0,2.5
SV0807,Pham Lan,2003-03-08,6.7,4.3,1.7
SV0808,Le An,2004-09-29,4.9,5.2,4.4
SV0809,Vu Quang,2003-01-26,2.1,8.7,6.0
SV0810,Dang Chi,2004-06-01,6.4,3.8,4.6
SV0811,Vu Lan,2004-04-30,4.4,9.5,12.2
SV0812,Phan Dung,2003-02-11,2.6,1.7,4.8
SV0813,Nguyen Nhi,2006-07-25,10.0,1.8,8.1
SV0814,Hoang Binh,2003-01-18,2.0,-3.5,5.0
SV0815,Nguyen Giang,2004-02-18,3.5,3.9,2.4
SV0816,Le An,2006-01-20,0.1,6.3,0.8
SV0817,Le Hieu,2003-03-27,8.6,4.4,3.6
SV0818,Nguyen Minh,2003-09-20,5.3,5.1,3.9
SV0819,Le Binh,2003-07-19,9.7,1.5,4.0
SV0820,Pham Thao,2006-12-01,7.2,3.1,1.7
SV0821,Pham Binh,2006-02-07,0.6,5.9,5.4
SV0822,Nguyen Lan,2004-04-18,5.0,1.4,4.0
SV0823,Dang Khanh,2005-05-13,4.7,3.7,7.9
SV0824,Phan Nhi,2003-03-16,4.2,5.0,NULL
SV0825,Tran Binh,2004-10-30,4.7,8.3,8.7
SV0826,Tran Binh,2005-01-14,3.5,1.0,8.6
SV0827,Vu Chi,2006-05-29,2.6,3.3,2.3
SV0828,Bui Phong,2005-09-25,9.7,9.6,9.1
SV0829,Le Chi,2006-03-18,8.2,8.9,4.7
SV0830,Dang Quang,2005-08-23,9.2,5.6,2.6
SV0831,Nguyen Khanh,2003-12-13,0.4,2.5,3.4
SV0832,Hoang Lan,2003-08-08,6.8,1.2,0.7
SV0833,Phan Quang,invalid-date,2.4,3.8,
SV0834,Pham Trang,2004-12-15,9.9,8.4,0.9
SV0835,Nguyen Minh,2003-04-04,7.1,5.5,2.1
SV0836,Pham Chi,2004-04-21,0.6,7.7,7.6
SV0837,Nguyen Lan,2006-08-19,2.8,8.6,7.9
SV0838,Tran Minh,2005-09-03,5.4,3.2,5.0
SV0839,Le Trang,2006-11-29,6.0,7.9,0.5
SV0840,Do Giang,2006-04-08,1.8,9.1,7.3
SV0841,Do Nhi,2005-11-08,7.4,9.5,4.3
SV0842,Vu Dung,2004-08-14,0.6,0.3,7.5
SV0843,Vu Giang,2006-01-25,9.0,6.6,7.0
SV0844,Bui Vy,2005-08-21,6.2,0.5,6.1
SV0845,Phan Khanh,2004-11-26,4.5,5.0,1.6
SV0846,Phan Trang,2004-09-12,7.8,1.2,8.8
SV0847,Phan Dung,2006-08-18,4.5,0.7,5.5
SV0848,Pham Lan,2003-06-15,9.6,9.8,1.8
SV0849,Do Dung,2004-01-11,0.2,5.0,8.2
SV0850,Vu Khanh,2004-05-31,6.4,4.6,4.3
SV0851,Nguyen Dung,2006-05-14,2.8,0.3,0.2
SV0852,Nguyen Giang,2006-08-03,6.4,9.0,5.7
SV0853,Pham Chi,2004-10-11,7.4,5.2,5.0
SV0854,Phan Thao,2005-11-26,0.9,7.8,4.7
SV0855,Bui Dung,2006-06-26,3.0,7.7,8.5
SV0856,Vu Lan,2005-06-17,3.8,3.7,2.1
SV0857,Phan An,2006-09-11,2.1,7.1,8.6
SV0858,Tran Quang,2003-02-21,7.2,6.3,5.1
SV0859,Do Hieu,2006-10-25,5.1,5.3,1.2
SV0860,Phan Minh,2005-01-17,7.1,0.4,1.8
SV0861,Le Hieu,2003-10-05,4.7,0.4,8.7
SV0862,Nguyen Chi,2005-04-14,,9.4,7.2
SV0863,Hoang Giang,2006-05-23,9.4,3.0,7.5
SV0864,Hoang Quang,2006-03-30,3.5,9.9,2.6
SV0865,Do Dung,2003-04-22,2.5,0.3,7.8
SV0866,Pham Phong,2003-11-17,9.0,9.5,1.8
SV0867,Vu Quang,2006-06-14,4.5,3.7,6.0
SV0868,Pham Lan,2006-05-14,7.0,1.2,2.1
SV0869,Phan Chi,2003-09-10,4.9,8.3,9.4
SV0870,Vu Hieu,2005-02-26,6.4,3.1,5.8
SV0871,Do Binh,2004-11-04,6.4,8.9,3.9
SV0872,Tran Hieu,2006-02-11,6.2,2.2,8.4
SV0873,Vu Lan,2006-01-25,1.7,7.9,8.6
SV0874,Dang Giang,2003-03-04,4.7,5.1,9.0
SV0875,Tran Chi,2003-04-29,5.5,7.6,8.1
SV0876,Tran Giang,2006-10-22,6.5,3.1,8.1
SV0877,Pham Phong,2006-12-06,6.3,1.2,9.1
SV0878,Vu Quang,2004-09-17,3.0,8.0,8.5
SV0879,Tran Hieu,2004-02-27,1.9,6.5,4.7
SV0880,Hoang Lan,2004-07-01,3.0,4.9,8.9
SV0881,Nguyen Phong,2006-04-13,2.5,8.8,1.6
SV0882,Dang Chi,2003-07-13,5.2,6.7,2.2
SV0883,Bui Khanh,2003-05-25,3.7,7.7,4.2
SV0884,Dang Chi,2003-09-01,2.8,5.8,8.1
SV0885,Phan Giang,2003-04-21,7.8,4.6,7.2
SV0886,Le Binh,2006-08-18,1.1,1.8,3.6
SV0887,Tran Phong,2004-04-23,8.0,6.2,9.5
SV0888,Nguyen Binh,2003-11-21,3.4,8.7,2.5
SV0889,Bui Minh,2004-10-19,0.7,6.7,5.1
SV0890,Phan Trang,2005-03-14,1.6,6.2,6.6
SV0891,Nguyen Vy,2004-01-15,8.5,0.7,5.0
SV0892,Hoang Nhi,2005-05-18,8.7,6.4,7.2
SV0893,Phan Hieu,2005-01-27,3.8,5.6,8.1
SV0894,Hoang Phong,2003-04-11,9.9,8.1,12.2
SV0895,Hoang Thao,2005-11-08,4.2,1.3,3.7
SV0896,Hoang Hieu,2005-10-06,12.2,1.1,8.6
SV0897,Phan Quang,2004-12-07,2.4,2.3,5.3
SV0898,Do Thao,2006-05-12,5.8,4.3,1.5
SV0899,Tran Vy,2004-02-26,6.3,1.1,9.1
SV0900,Tran Hieu,2006-03-02,4.2,5.7,5.2
SV0901,Tran Dung,2006-01-07,4.1,6.8,2.7
SV0902,Tran Dung,2004-08-13,0.4,0.9,6.4
SV0903,Hoang An,2005-01-19,0.6,9.3,0.6
SV0904,Phan Nhi,2006-01-27,2.4,2.8,8.2
SV0905,Phan An,2003-10-30,3.2,7.5,3.2
SV0906,Phan Giang,2003-03-26,6.8,3.2,4.7
SV0907,Vu Thao,2004-03-18,2.4,3.5,5.5
SV0908,Pham Hieu,2003-08-29,6.4,0.3,9.5
SV0909,Phan Lan,2004-06-09,1.7,7.4,7.0
SV0910,Le Hieu,2005-03-11,4.8,8.3,2.6
SV0911,Le Binh,2006-05-09,0.3,8.4,4.9
SV0912,Dang Phong,2004-06-24,9.4,5.2,5.3
SV0913,Tran Quang,invalid-date,2.7,,9.7
SV0914,Nguyen Nhi,2005-09-07,2.3,7.1,0.4
SV0915,Le Quang,2006-07-09,1.2,3.5,4.2
SV0916,Vu An,2004-12-07,1.4,0.5,1.4
SV0917,Pham Lan,2003-09-07,9.9,8.5,2.9
SV0918,Pham Giang,2004-11-06,2.7,4.7,7.8
SV0919,Pham Thao,2003-11-12,8.5,2.1,2.8
SV0920,Do Phong,2006-04-11,9.5,1.4,9.6
SV0921,Do Hieu,2003-05-23,1.7,1.3,6.8
SV0922,Nguyen Giang,2006-08-07,NULL,9.9,9.9
SV0923,Dang Quang,2006-06-21,5.8,5.3,3.6
SV0924,Pham Khanh,2005-01-04,4.5,9.7,2.2
SV0925,Hoang Quang,2005-09-14,9.4,1.1,6.5
SV0926,Dang Chi,2005-02-03,8.4,1.1,7.6
SV0927,Tran Trang,2003-06-09,6.3,7.4,2.4
SV0928,Do Lan,2004-04-11,1.8,2.0,5.7
SV0929,Hoang Vy,2003-12-10,NULL,4.7,3.4
SV0930,Nguyen Khanh,2003-09-11,4.8,5.6,-3.5
SV0931,Tran Thao,2006-12-14,4.4,7.8,0.5
SV0932,Do Phong,2005-06-27,2.9,3.4,8.5
SV0933,Phan An,2005-02-26,9.2,0.4,0.8
SV0934,Tran Minh,2006-08-16,4.9,7.9,1.4
SV0935,Phan Giang,2004-02-07,6.7,6.4,0.6
SV0936,Pham Phong,2006-03-06,6.6,9.1,3.6
SV0937,Vu Nhi,2004-09-06,9.2,3.8,5.3
SV0938,Do Quang,2003-09-11,2.6,2.9,9.5
SV0939,Pham An,2006-05-21,9.5,3.8,2.0
SV0940,Le Lan,2006-11-23,9.6,0.2,7.1
SV0941,Tran Lan,2004-01-05,5.9,0.9,9.9
SV0942,Bui Binh,2005-06-27,3.6,5.9,6.8
SV0943,Bui Khanh,2003-04-20,9.7,0.1,2.9
SV0944,Tran Thao,2004-09-22,6.0,6.1,9.5
SV0945,Bui Dung,2004-11-24,1.8,9.2,3.6
SV0946,Vu Trang,2005-02-05,2.2,6.2,6.9
SV0947,Nguyen Binh,2005-07-13,0.7,5.6,3.5
SV0948,Le Nhi,2004-10-28,6.1,1.1,8.1
SV0949,Hoang Phong,2003-10-24,7.5,7.8,8.2
SV0950,Nguyen Trang,2005-01-04,5.7,5.9,9.5
SV0951,Hoang Dung,2004-03-10,6.2,4.5,7.1
SV0952,Le Nhi,2005-11-16,8.8,5.4,3.0
SV0953,Le Trang,2004-01-19,9.8,6.4,4.0
SV0954,Dang Giang,2006-10-29,7.8,0.5,8.8
SV0955,Pham Trang,2005-11-02,6.9,9.0,7.2
SV0956,Pham Trang,2004-07-10,7.4,1.7,0.3
SV0957,Bui Minh,2005-04-10,4.9,0.9,0.1
SV0958,Tran Khanh,2005-07-21,7.9,7.2,7.2
SV0959,Le Binh,2006-01-03,7.8,8.3,1.6
SV0960,Tran Dung,2005-02-28,5.0,9.5,3.6
SV0961,Tran Minh,2004-10-02,9.8,0.3,7.8
SV0962,Bui Thao,2004-11-11,2.7,0.1,5.5
SV0963,Phan An,2006-06-21,0.7,2.7,6.5
SV0964,Hoang Minh,2003-02-11,8.1,0.2,0.2
SV0965,Bui Khanh,2003-11-01,8.5,0.5,9.1
SV0966,Pham Giang,2003-11-14,7.7,1.5,4.2
SV0967,Pham An,2006-11-15,0.8,1.9,3.4
SV0968,Phan Nhi,2006-01-30,6.5,6.3,7.8
SV0969,Phan Quang,2004-01-12,5.1,4.7,10.0
SV0970,Tran Lan,2005-06-28,9.2,8.2,0.6
SV0971,Phan Dung,2006-04-19,0.0,9.8,2.3
SV0972,Nguyen Binh,2006-04-30,6.5,2.2,9.1
SV0973,Hoang An,2005-08-17,6.3,2.2,8.3
SV0974,Nguyen Vy,2003-07-05,8.3,2.2,6.2
SV0975,Le Vy,2005-02-03,8.9,2.2,6.6
SV0976,Do Hieu,2006-05-26,8.1,4.5,2.4
SV0977,Bui Khanh,2005-02-17,1.1,5.1,4.7
SV0978,Dang Quang,2005-01-27,8.8,6.7,2.5
SV0979,Vu Hieu,2003-09-18,0.9,8.6,3.2
SV0980,Nguyen Khanh,2003-09-20,9.7,7.2,3.2
SV0981,Pham Lan,2004-12-16,7.8,9.7,8.6
SV0982,Do Trang,2004-12-28,12.2,1.4,1.7
SV0983,Do Khanh,2006-06-28,1.3,9.0,9.9
SV0984,Pham Hieu,2003-06-08,5.4,6.6,0.2
SV0985,Pham Quang,2006-08-04,5.8,8.9,2.3
SV0986,Le Chi,2004-11-15,0.6,8.5,5.0
SV0987,Bui Thao,2005-08-09,2.0,4.3,10.0
SV0988,Phan Nhi,2003-11-18,7.0,5.1,5.8
SV0989,Tran Lan,2004-03-13,2.5,4.3,3.6
SV0990,Nguyen Vy,2006-07-11,6.3,7.3,8.3
SV0991,Dang An,2003-05-12,2.8,6.0,9.9
SV0992,Tran Vy,2003-02-20,5.3,1.4,6.0
SV0993,Dang Hieu,2005-01-11,3.8,3.6,8.4
SV0994,Dang Vy,2004-07-22,0.0,4.0,10.0
SV0995,Nguyen Trang,2003-04-13,5.2,6.1,2.2
SV0996,Dang Dung,2003-09-04,0.4,9.7,4.0
SV0997,Bui Lan,2004-06-02,7.6,8.4,0.6
SV0998,Nguyen Minh,2004-09-07,9.0,5.2,1.3
SV0999,Phan Trang,2003-08-06,6.2,9.0,7.5
SV1000,Le Khanh,2003-09-13,0.3,3.0,0.7
